Workbook

Sheet data collection
A1: Brand | B1: Bottle size (mL) | C1: Price (RM) | D1: Online store | E1: Product URL | F1: Date checked | G1: Price per litre (RM/L) | H1: Product label
A2: Spritzer | B2: 550 | C2: 1.54 | D2: Jaya Grocer | E2: https://jayagrocer.com/collections/water?page=1 | F2: 19/10/2026 | G2: =C2/(B2/1000) -> 2.8 | H2: Spritzer (550 mL)
A3: Spritzer | B3: 750 | C3: 2.36 | D3: Jaya Grocer | E3: https://jayagrocer.com/collections/water?page=1 | F3: 19/10/2026 | G3: =C3/(B3/1000) -> 3.1466667 | H3: Spritzer (750 mL)
A4: Spritzer | B4: 1250 | C4: 2.72 | D4: Jaya Grocer | E4: https://jayagrocer.com/collections/water?page=1 | F4: 19/10/2026 | G4: =C4/(B4/1000) -> 2.176 | H4: Spritzer (1250 mL)
A5: Spritzer | B5: 1500 | C5: 3.01 | D5: Jaya Grocer | E5: https://jayagrocer.com/collections/water?page=1 | F5: 19/10/2026 | G5: =C5/(B5/1000) -> 2.0066667 | H5: Spritzer (1500 mL)
A6: Spritzer | B6: 6000 | C6: 9.95 | D6: Jaya Grocer | E6: https://jayagrocer.com/collections/water?page=1 | F6: 19/10/2026 | G6: =C6/(B6/1000) -> 1.6583333 | H6: Spritzer (6000 mL)
A7: Spritzer | B7: 400 | C7: 1.99 | D7: Jaya Grocer | E7: https://jayagrocer.com/collections/water?page=1 | F7: 19/10/2026 | G7: =C7/(B7/1000) -> 4.975 | H7: Spritzer (400 mL)
A8: Spritzer | B8: 1000 | C8: 3.82 | D8: Jaya Grocer | E8: https://jayagrocer.com/collections/water?page=1 | F8: 19/10/2026 | G8: =C8/(B8/1000) -> 3.82 | H8: Spritzer (1000 mL)
A9: Spritzer | B9: 1250 | C9: 2.55 | D9: Jaya Grocer | E9: https://jayagrocer.com/collections/water?page=1 | F9: 19/10/2026 | G9: =C9/(B9/1000) -> 2.04 | H9: Spritzer (1250 mL)
A10: Spritzer | B10: 6000 | C10: 10.21 | D10: Jaya Grocer | E10: https://jayagrocer.com/collections/water?page=1 | F10: 19/10/2026 | G10: =C10/(B10/1000) -> 1.7016667 | H10: Spritzer (6000 mL)
A11: Cactus | B11: 600 | C11: 0.91 | D11: Jaya Grocer | E11: https://jayagrocer.com/collections/water?page=1 | F11: 19/10/2026 | G11: =C11/(B11/1000) -> 1.5166667 | H11: Cactus (600 mL)
A12: Cactus | B12: 1500 | C12: 1.5 | D12: Jaya Grocer | E12: https://www.servayonline.com/water | F12: 20/10/2026 | G12: =C12/(B12/1000) -> 1 | H12: Cactus (1500 mL)
A13: Cactus | B13: 5000 | C13: 6.47 | D13: Jaya Grocer | E13: https://www.servayonline.com/water | F13: 20/10/2026 | G13: =C13/(B13/1000) -> 1.294 | H13: Cactus (5000 mL)
... A151: S.Pellegrino | B151: 1000 | C151: 11.12 | D151: NSK Grocer | E151: http://www.nsktrade.com/nsk5/index.php/component/search/?searchword=water&searchphrase=all&Itemid=101 | F151: 24/10/2026 | G151: =C151/(B151/1000) -> 11.12 | H151: S.Pellegrino (1000 mL)

Sheet Quantitative
E1: Bottle size (mL) | F1: Price (RM) | G1: Price per litre (RM/L) | N1: prices | O1: Size (mL) | P1: Brand | Q1: Bottom 5 | R1: Top5 | T1: Jaya Grocer | U1: Servay Online | V1: Lotus's | W1: AEON | X1: NSK Grocer
E2: 330 | F2: 8.76 | G2: =F2/(E2/1000) -> 26.545455 | N2: 26.54 | O2: 330 | P2: Perrier (330 mL) | Q2: 0.94 | R2: 26.54 | T2: {=_xlfn._xlws.FILTER('data collection'!$G$2:$G$151,'data collection'!$D$2:$D$151=T$1,"")} -> 2.8 | U2: {=_xlfn._xlws.FILTER('data collection'!$G$2:$G$151,'data collection'!$D$2:$D$151=U$1,"")} -> 2.7636364 | V2: {=_xlfn._xlws.FILTER('data collection'!$G$2:$G$151,'data collection'!$D$2:$D$151=V$1,"")} -> 2.9818182 | W2: {=_xlfn._xlws.FILTER('data collection'!$G$2:$G$151,'data collection'!$D$2:$D$151=W$1,"")} -> 2.7636364 | X2: {=_xlfn._xlws.FILTER('data collection'!$G$2:$G$151,'data collection'!$D$2:$D$151=X$1,"")} -> 2.7272727
E3: 330 | F3: 8.39 | G3: =F3/(E3/1000) -> 25.424242 | N3: 16.54 | O3: 750 | P3: Evian (750 mL) | Q3: 0.98 | R3: 16.54 | T3: 3.1466667 | U3: 3.1333333 | V3: 3.24 | W3: 3.12 | X3: 2.9866667
E4: 330 | F4: 8.13 | G4: =F4/(E4/1000) -> 24.636364 | N4: 14.72 | O4: 750 | P4: Acqua Panna (750 mL) | Q4: 1 | R4: 14.72 | T4: 2.176 | U4: 2.224 | V4: 2.36 | W4: 2.464 | X4: 2.256
E5: 330 | F5: 7.88 | G5: =F5/(E5/1000) -> 23.878788 | N5: 11.64 | O5: 500 | P5: Fiji (500 mL) | Q5: 1 | R5: 11.64 | T5: 2.0066667 | U5: 2.1 | V5: 2.2333333 | W5: 2.2466667 | X5: 1.9933333
E6: 330 | F6: 7.77 | G6: =F6/(E6/1000) -> 23.545455 | N6: 11.61 | O6: 500 | P6: S.Pellegrino (1000 mL) | Q6: 1.006 | R6: 11.61 | T6: 1.6583333 | U6: 1.5833333 | V6: 1.6983333 | W6: 1.6466667 | X6: 1.4916667
E7: 500 | F7: 8.49 | G7: =F7/(E7/1000) -> 16.98 | N7: 0.94 | O7: 1500 | P7: F&N Ice Mountain (1500 mL) | T7: 4.975 | U7: 4.525 | V7: 4.8 | W7: 4.925 | X7: 4.825
E8: 330 | F8: 5.56 | G8: =F8/(E8/1000) -> 16.848485 | N8: 0.98 | O8: 1500 | P8: F&N Ice Mountain (1500 mL) | T8: 3.82 | U8: 3.69 | V8: 3.95 | W8: 3.96 | X8: 3.88
E9: 500 | F9: 8.24 | G9: =F9/(E9/1000) -> 16.48 | N9: 1 | O9: 1500 | P9: Cactus (1500 mL) | T9: 2.04 | U9: 2.04 | V9: 2.232 | W9: 2.304 | X9: 2.08
E10: 330 | F10: 5.43 | G10: =F10/(E10/1000) -> 16.454545 | N10: 1 | O10: 1500 | P10: Jaya Grocer Mineral Water (1500 mL) | T10: 1.7016667 | U10: 1.655 | V10: 1.7266667 | W10: 1.81 | X10: 1.6516667
E11: 750 | F11: 12.34 | G11: =F11/(E11/1000) -> 16.453333 | N11: 1.006 | O11: 1500 | P11: Bleu (1500 mL) | T11: 1.5166667 | U11: 1.4666667 | V11: 1.5333333 | W11: 1.6333333 | X11: 1.4
E12: 330 | F12: 5.4 | G12: =F12/(E12/1000) -> 16.363636 | T12: 1 | U12: 1 | V12: 1.1 | W12: 1.08 | X12: 1.0066667
E13: 500 | F13: 8.17 | G13: =F13/(E13/1000) -> 16.34 | T13: 1.294 | U13: 1.226 | V13: 1.334 | W13: 1.402 | X13: 1.208
E14: 330 | F14: 5.17 | G14: =F14/(E14/1000) -> 15.666667 | T14: 1.54 | U14: 1.64 | V14: 1.72 | W14: 1.62 | X14: 1.52
E15: 500 | F15: 7.71 | G15: =F15/(E15/1000) -> 15.42 | T15: 1.0066667 | U15: 0.98 | V15: 1.0333333 | W15: 1.0133333 | X15: 0.94
E16: 750 | F16: 11.55 | G16: =F16/(E16/1000) -> 15.4 | T16: 1.3166667 | U16: 1.35 | V16: 1.4333333 | W16: 1.3833333 | X16: 1.2833333
E17: 500 | F17: 7.65 | G17: =F17/(E17/1000) -> 15.3 | T17: 1.2 | U17: 1.2 | V17: 1.2666667 | W17: 1.28 | X17: 1.1266667
E18: 330 | F18: 5 | G18: =F18/(E18/1000) -> 15.151515 | T18: 2.3666667 | U18: 2.3333333 | V18: 2.3333333 | W18: 2.5666667 | X18: 2.2
E19: 750 | F19: 11.32 | G19: =F19/(E19/1000) -> 15.093333 | T19: 1.34 | U19: 1.26 | V19: 1.3933333 | W19: 1.3733333 | X19: 1.2733333
E20: 750 | F20: 11.09 | G20: =F20/(E20/1000) -> 14.786667 | T20: 1.3466667 | U20: 1.24 | V20: 1.355 | W20: 1.3616667 | X20: 1.2333333
E21: 750 | F21: 11.04 | G21: =F21/(E21/1000) -> 14.72 | T21: 16.34 | U21: 15.42 | V21: 16.48 | W21: 16.98 | X21: 15.3
E22: 750 | F22: 10.95 | G22: =F22/(E22/1000) -> 14.6 | T22: 11.45 | U22: 11.46 | V22: 12.76 | W22: 13.18 | X22: 11.76
E23: 750 | F23: 10.81 | G23: =F23/(E23/1000) -> 14.413333 | T23: 10.66 | U23: 10.08 | V23: 11.46 | W23: 11.02 | X23: 9.6
... E31: 750 | F31: 10.14 | G31: =F31/(E31/1000) -> 13.52 | T31: 11.61 | U31: 10.86 | V31: 11.96 | W31: 11.88 | X31: 11.12
E32: 1000 | F32: 13.18 | G32: =F32/(E32/1000) -> 13.18
E33: 1000 | F33: 12.76 | G33: =F33/(E33/1000) -> 12.76
E34: 1000 | F34: 12.08 | G34: =F34/(E34/1000) -> 12.08
E35: 1000 | F35: 11.96 | G35: =F35/(E35/1000) -> 11.96
E36: 1000 | F36: 11.88 | G36: =F36/(E36/1000) -> 11.88
E37: 1000 | F37: 11.76 | G37: =F37/(E37/1000) -> 11.76
E38: 1000 | F38: 11.61 | G38: =F38/(E38/1000) -> 11.61
E39: 1000 | F39: 11.46 | G39: =F39/(E39/1000) -> 11.46
E40: 500 | F40: 5.73 | G40: =F40/(E40/1000) -> 11.46
E41: 1000 | F41: 11.45 | G41: =F41/(E41/1000) -> 11.45
E42: 1000 | F42: 11.45 | G42: =F42/(E42/1000) -> 11.45
E43: 1000 | F43: 11.35 | G43: =F43/(E43/1000) -> 11.35
... E151: 1500 | F151: 1.41 | G151: =F151/(E151/1000) -> 0.94

Sheet qualitative
B2: Row Labels | C2: Count of Brand
B3: Acqua Panna | C3: 10
B4: Bleu | C4: 10
B5: Cactus | C5: 15
B6: Evian | C6: 10
B7: F&N Ice Mountain | C7: 10
B8: Fiji | C8: 10
B9: Jaya Grocer Mineral Water | C9: 15
B10: Perrier | C10: 10
B11: S.Pellegrino | C11: 5
B12: Spritzer | C12: 45
B13: Volvic | C13: 10
B14: Grand Total | C14: 150
